,Jobs,Application Links,Location,Post Date,Closed Date,Status
0,Marketing Intern,https://careers.bcg.com/job/11413BR/Marketing-Intern,"Milan, Italy",Not Posted,As Soon As Possible,OPEN
1,Knowledge Intern,https://careers.bcg.com/job/11819BR/Knowledge-Intern,in 2,Not Posted,As Soon As Possible,OPEN
2,HR Intern,https://careers.bcg.com/job/11887BR/HR-Intern,"Milan, Italy",Not Posted,As Soon As Possible,OPEN
3,Experience Design Intern (Summer 2021),https://careers.bcg.com/job/4964867002/Experience-Design-Intern-Summer-2021,"New York,",Not Posted,As Soon As Possible,OPEN
4,Business and IP Law Intern,https://careers.bcg.com/job/12000BR/Business-and-IP-Law-Intern,"Boston, United",Not Posted,As Soon As Possible,OPEN
5,Office Operations & Administrative Intern,https://careers.bcg.com/job/11178BR/Office-Operations-Administrative-Intern,"Milan, Italy",Not Posted,As Soon As Possible,OPEN
6,Consulting - Internship,https://careers.bcg.com/job/10013667/Consulting-Internship,,Not Posted,As Soon As Possible,OPEN
7,BCG GAMMA Consulting – Internship,https://careers.bcg.com/job/10020535/BCG-GAMMA-Consulting-Internship,,Not Posted,As Soon As Possible,OPEN
8,Digital Strategy Internship (DigitalBCG),https://careers.bcg.com/job/10033793/Digital-Strategy-Internship-DigitalBCG,"Paris, France",Not Posted,As Soon As Possible,OPEN
9,Visiting Software Engineer (internship),https://careers.bcg.com/job/10031495/Visiting-Software-Engineer-internship,in 11,Not Posted,As Soon As Possible,OPEN
10,GAMMA - AI Software Engineer Internship 2021,https://careers.bcg.com/job/10038011/GAMMA-AI-Software-Engineer-Internship-2021,"Boston, United",Not Posted,As Soon As Possible,OPEN
11,Working Student – Principal Investors & Private Equity,https://careers.bcg.com/job/11803BR/Working-Student-Principal-Investors-Private-Equity,"Munich, Germany",Not Posted,As Soon As Possible,OPEN
12,Accounts Payable Senior Specialist,https://careers.bcg.com/job/11838BR/Accounts-Payable-Senior-Specialist,"Atlanta, United",Not Posted,As Soon As Possible,OPEN
13,Working Student – Learning,https://careers.bcg.com/job/11930BR/Working-Student-Learning,"Munich, Germany",Not Posted,As Soon As Possible,OPEN
14,"Practice Area Manager - Technology, Media, Telecommunications (TMT)",https://careers.bcg.com/job/11963BR/Practice-Area-Manager-Technology-Media-Telecommunications-TMT,in 2,Not Posted,As Soon As Possible,OPEN
