,Jobs,Application Links,Post Date,Location,Closed Date,Status
0,"

Full Time Opportunities for Students attending NSBE 47 Conference – Software Engineer

",https://careers.microsoft.com/students/us/en/job/969307/Full-Time-Opportunities-for-Students-attending-NSBE-47-Conference-Software-Engineer,"Jan 21, 2021",U.S,As Soon As Possible,OPEN
1,"

Full Time Opportunities for MBA Students or Recent Grads: Chief Technology Office – Sales – Business Program Manager

",https://careers.microsoft.com/students/us/en/job/966088/Full-Time-Opportunities-for-MBA-Students-or-Recent-Grads-Chief-Technology-Office-Sales-Business-Program-Manager,"Jan 16, 2021",U.S,As Soon As Possible,OPEN
2,"

Fulltime Opportunities for Undergraduate Students and Recent Graduates: Content Writer/Publisher

",https://careers.microsoft.com/students/us/en/job/952983/Fulltime-Opportunities-for-Undergraduate-Students-and-Recent-Graduates-Content-Writer-Publisher,"Dec 17, 2020",U.S,As Soon As Possible,OPEN
3,"

Full Time Opportunities for Students and Recent Graduates - MAIDAP Program Manager

",https://careers.microsoft.com/students/us/en/job/870913/Full-Time-Opportunities-for-Students-and-Recent-Graduates-MAIDAP-Program-Manager,"Nov 13, 2020",U.S,As Soon As Possible,OPEN
4,"

Full Time Opportunities for PhD Students or Recent Graduates – MAIDAP Data Scientist

",https://careers.microsoft.com/students/us/en/job/870911/Full-Time-Opportunities-for-PhD-Students-or-Recent-Graduates-MAIDAP-Data-Scientist,"Nov 13, 2020",U.S,As Soon As Possible,OPEN
5,"

Full Time Opportunities for Students & Recent Graduates - MAIDAP Data Scientist

",https://careers.microsoft.com/students/us/en/job/870910/Full-Time-Opportunities-for-Students-Recent-Graduates-MAIDAP-Data-Scientist,"Nov 13, 2020",U.S,As Soon As Possible,OPEN
6,"

Full Time Opportunities for Students and Recent Graduates - MAIDAP Software Engineer

",https://careers.microsoft.com/students/us/en/job/870912/Full-Time-Opportunities-for-Students-and-Recent-Graduates-MAIDAP-Software-Engineer,"Nov 13, 2020",U.S,As Soon As Possible,OPEN
7,"

Full Time Opportunities for PhD Students and Recent Graduates - Hardware Engineering

",https://careers.microsoft.com/students/us/en/job/870927/Full-Time-Opportunities-for-PhD-Students-and-Recent-Graduates-Hardware-Engineering,"Sep 1, 2020",U.S,As Soon As Possible,OPEN
8,"

Full Time Opportunities for PhD Students or Recent Graduates: Machine Learning

",https://careers.microsoft.com/students/us/en/job/870929/Full-Time-Opportunities-for-PhD-Students-or-Recent-Graduates-Machine-Learning,"Aug 28, 2020",U.S,As Soon As Possible,OPEN
9,"

Full Time Opportunities for PhD Students & Recent Graduates - Software Engineering

",https://careers.microsoft.com/students/us/en/job/873711/Full-Time-Opportunities-for-PhD-Students-Recent-Graduates-Software-Engineering,"Aug 28, 2020",U.S,As Soon As Possible,OPEN
10,"

Full Time Opportunities for PhD Students or Recent Graduates - Computer Vision

",https://careers.microsoft.com/students/us/en/job/870921/Full-Time-Opportunities-for-PhD-Students-or-Recent-Graduates-Computer-Vision,"Aug 28, 2020",U.S,As Soon As Possible,OPEN
11,"

Full Time Opportunities for PhD Students or Recent Graduates: Cognition and Speech Scientist

",https://careers.microsoft.com/students/us/en/job/870919/Full-Time-Opportunities-for-PhD-Students-or-Recent-Graduates-Cognition-and-Speech-Scientist,"Aug 28, 2020",U.S,As Soon As Possible,OPEN
12,"

Full Time Opportunities for PhD Students or Recent Graduates - Researcher

",https://careers.microsoft.com/students/us/en/job/870917/Full-Time-Opportunities-for-PhD-Students-or-Recent-Graduates-Researcher,"Aug 28, 2020",U.S,As Soon As Possible,OPEN
13,"

Full Time Opportunities for PhD Students and Recent Graduates - Natural Language Processing

",https://careers.microsoft.com/students/us/en/job/870915/Full-Time-Opportunities-for-PhD-Students-and-Recent-Graduates-Natural-Language-Processing,"Aug 28, 2020",U.S,As Soon As Possible,OPEN
14,"

Full Time Opportunities for PhD Students or Recent Graduates: Data & Applied Sciences

",https://careers.microsoft.com/students/us/en/job/890704/Full-Time-Opportunities-for-PhD-Students-or-Recent-Graduates-Data-Applied-Sciences,"Aug 25, 2020",U.S,As Soon As Possible,OPEN
15,"

Full Time Opportunities for Students or Recent Graduates: Data & Applied Sciences

",https://careers.microsoft.com/students/us/en/job/870924/Full-Time-Opportunities-for-Students-or-Recent-Graduates-Data-Applied-Sciences,"Aug 24, 2020",U.S,As Soon As Possible,OPEN
16,"

Full Time Opportunities for Students or Recent Graduates: UX Design & Research

",https://careers.microsoft.com/students/us/en/job/870934/Full-Time-Opportunities-for-Students-or-Recent-Graduates-UX-Design-Research,"Aug 24, 2020",U.S,As Soon As Possible,OPEN
17,"

Full Time Opportunities for PhD Students - Cleared Software Engineer CTJ

",https://careers.microsoft.com/students/us/en/job/889740/Full-Time-Opportunities-for-PhD-Students-Cleared-Software-Engineer-CTJ,"Aug 24, 2020",U.S,As Soon As Possible,OPEN
18,"

Ability Hiring Program, Full Time Opportunities for Students and Recent Graduates - Software Engineer

",https://careers.microsoft.com/students/us/en/job/889625/Ability-Hiring-Program-Full-Time-Opportunities-for-Students-and-Recent-Graduates-Software-Engineer,"Aug 24, 2020",U.S,As Soon As Possible,OPEN
19,"

Ability Hiring Program, Full Time Opportunities for Students and Recent Graduates - Program Management

",https://careers.microsoft.com/students/us/en/job/889616/Ability-Hiring-Program-Full-Time-Opportunities-for-Students-and-Recent-Graduates-Program-Management,"Aug 24, 2020",U.S,As Soon As Possible,OPEN
20,"

Full Time Opportunities for Students and Recent Graduates - Program Management

",https://careers.microsoft.com/students/us/en/job/870955/Full-Time-Opportunities-for-Students-and-Recent-Graduates-Program-Management,"Aug 17, 2020",U.S,As Soon As Possible,OPEN
21,"

Full Time Opportunities for Students and Recent Graduates - Software Engineer

",https://careers.microsoft.com/students/us/en/job/870956/Full-Time-Opportunities-for-Students-and-Recent-Graduates-Software-Engineer,"Aug 17, 2020",U.S,As Soon As Possible,OPEN
22,"

Full Time Opportunities for Students and Recent Graduates - Cleared Site Reliability Engineering CTJ

",https://careers.microsoft.com/students/us/en/job/870939/Full-Time-Opportunities-for-Students-and-Recent-Graduates - Cleared-Site-Reliability-Engineering CTJ,"Aug 11, 2020",U.S,As Soon As Possible,OPEN
23,"

Full Time Opportunities for Students and Recent Graduates - Cleared Software Engineer CTJ

",https://careers.microsoft.com/students/us/en/job/870937/Full-Time-Opportunities-for-Students-and-Recent-Graduates-Cleared-Software-Engineer-CTJ,"Aug 11, 2020",U.S,As Soon As Possible,OPEN
